1,https://www.amazon.co.uk/Best-Sellers-Amazon-Instant-Video/zgbs/instant-video,Amazon Instant Video
2,https://www.amazon.co.uk/Best-Sellers-Launchpad/zgbs/boost,Amazon Launchpad
3,https://www.amazon.co.uk/Best-Sellers-Appstore-Android/zgbs/mobile-apps,Appstore for Android
4,https://www.amazon.co.uk/Best-Sellers-Baby/zgbs/baby,Baby
5,https://www.amazon.co.uk/Best-Sellers-Beauty/zgbs/beauty,Beauty
6,https://www.amazon.co.uk/Best-Sellers-Books/zgbs/books,Books
7,https://www.amazon.co.uk/Best-Sellers-Business-Industry-Science/zgbs/industrial,Business Industry & Science
8,https://www.amazon.co.uk/Best-Sellers-Car-Motorbike/zgbs/automotive,Car & Motorbike
9,https://www.amazon.co.uk/Best-Sellers-Clothing/zgbs/clothing,Clothing
10,https://www.amazon.co.uk/Best-Sellers-Computers/zgbs/computers,Computers
11,https://www.amazon.co.uk/Best-Sellers-DIY-Tools/zgbs/diy,DIY & Tools
12,https://www.amazon.co.uk/Best-Sellers-DVD-Blu-ray/zgbs/dvd,DVD & Blu-ray
13,https://www.amazon.co.uk/Best-Sellers-Electronics/zgbs/electronics,Electronics
14,https://www.amazon.co.uk/Best-Sellers-Garden-Outdoors/zgbs/outdoors,Garden & Outdoors
15,https://www.amazon.co.uk/Best-Sellers-Gift-Cards/zgbs/gift-cards,Gift Cards
16,https://www.amazon.co.uk/Best-Sellers-Grocery/zgbs/grocery,Grocery
17,https://www.amazon.co.uk/Best-Sellers-Health-Personal-Care/zgbs/drugstore,Health & Personal Care
18,https://www.amazon.co.uk/Best-Sellers-Home-Garden/zgbs/home-garden,Home & Garden
19,https://www.amazon.co.uk/Best-Sellers-Jewellery/zgbs/jewelry,Jewellery
20,https://www.amazon.co.uk/Best-Sellers-Kindle-Store/zgbs/digital-text,Kindle Store
21,https://www.amazon.co.uk/Best-Sellers-Kitchen-Home/zgbs/kitchen,Kitchen & Home
22,https://www.amazon.co.uk/Best-Sellers-Large-Appliances/zgbs/appliances,Large Appliances
23,https://www.amazon.co.uk/Best-Sellers-Lighting/zgbs/lighting,Lighting
24,https://www.amazon.co.uk/Best-Sellers-Luggage/zgbs/luggage,Luggage
25,https://www.amazon.co.uk/Best-Sellers-MP3-Downloads/zgbs/dmusic,MP3 Downloads
26,https://www.amazon.co.uk/Best-Sellers-Music/zgbs/music,Music
27,https://www.amazon.co.uk/Best-Sellers-Musical-Instruments/zgbs/musical-instruments,Musical Instruments
28,https://www.amazon.co.uk/Best-Sellers-Office-Products/zgbs/officeproduct,Office Products
29,https://www.amazon.co.uk/Best-Sellers-PC-Video-Games/zgbs/videogames,PC & Video Games
30,https://www.amazon.co.uk/Best-Sellers-Pet-Supplies/zgbs/pet-supplies,Pet Supplies
31,https://www.amazon.co.uk/Best-Sellers-Shoes-Bags/zgbs/shoes,Shoes & Bags
32,https://www.amazon.co.uk/Best-Sellers-Software/zgbs/software,Software
33,https://www.amazon.co.uk/Best-Sellers-Sports-Outdoors/zgbs/sports,Sports & Outdoors
34,https://www.amazon.co.uk/Best-Sellers-Toys-Games/zgbs/kids,Toys & Games
35,https://www.amazon.co.uk/Best-Sellers-Watches/zgbs/watch,Watches