1,https://www.amazon.com/Best-Sellers-Appliances/zgbs/appliances,Appliances
2,https://www.amazon.com/Best-Sellers-Appstore-Android/zgbs/mobile-apps,Appstore for Android
3,https://www.amazon.com/Best-Sellers-Arts-Crafts-Sewing/zgbs/arts-crafts,Arts Crafts & Sewing
4,https://www.amazon.com/Best-Sellers-Automotive/zgbs/automotive,Automotive
5,https://www.amazon.com/Best-Sellers-Baby/zgbs/baby-products,Baby
6,https://www.amazon.com/Best-Sellers-Beauty/zgbs/beauty,Beauty
7,https://www.amazon.com/best-sellers-books-Amazon/zgbs/books,Books
8,https://www.amazon.com/best-sellers-camera-photo/zgbs/photo,Camera & Photo
9,https://www.amazon.com/Best-Sellers-Cell-Phones-Accessories/zgbs/wireless,Cell Phones & Accessories
10,https://www.amazon.com/Best-Sellers-Clothing/zgbs/apparel,Clothing
11,https://www.amazon.com/Best-Sellers-Collectible-Coins/zgbs/coins,Collectible Coins
12,https://www.amazon.com/Best-Sellers-Computers-Accessories/zgbs/pc,Computers & Accessories
13,https://www.amazon.com/Best-Sellers-Electronics/zgbs/electronics,Electronics
14,https://www.amazon.com/Best-Sellers-Entertainment-Collectibles/zgbs/entertainment-collectibles,Entertainment Collectibles
15,https://www.amazon.com/Best-Sellers-Gift-Cards/zgbs/gift-cards,Gift Cards
16,https://www.amazon.com/Best-Sellers-Grocery-Gourmet-Food/zgbs/grocery,Grocery & Gourmet Food
17,https://www.amazon.com/Best-Sellers-Health-Personal-Care/zgbs/hpc,Health & Personal Care
18,https://www.amazon.com/Best-Sellers-Home-Kitchen/zgbs/home-garden,Home & Kitchen
19,https://www.amazon.com/Best-Sellers-Home-Improvement/zgbs/hi,Home Improvement
20,https://www.amazon.com/Best-Sellers-Industrial-Scientific/zgbs/industrial,Industrial & Scientific
21,https://www.amazon.com/Best-Sellers-Jewelry/zgbs/jewelry,Jewelry
22,https://www.amazon.com/Best-Sellers-Kindle-Store/zgbs/digital-text,Kindle Store
23,https://www.amazon.com/Best-Sellers-Kitchen-Dining/zgbs/kitchen,Kitchen & Dining
24,https://www.amazon.com/Best-Sellers-Launchpad/zgbs/boost,Launchpad
25,https://www.amazon.com/Best-Sellers-MP3-Downloads/zgbs/dmusic,MP3 Downloads
26,https://www.amazon.com/Best-Sellers-Magazines/zgbs/magazines,Magazines
27,https://www.amazon.com/best-sellers-movies-TV-DVD-Blu-ray/zgbs/movies-tv,Movies & TV
28,https://www.amazon.com/best-sellers-music-albums/zgbs/music,Music
29,https://www.amazon.com/Best-Sellers-Musical-Instruments/zgbs/musical-instruments,Musical Instruments
30,https://www.amazon.com/Best-Sellers-Office-Products/zgbs/office-products,Office Products
31,https://www.amazon.com/Best-Sellers-Patio-Lawn-Garden/zgbs/lawn-garden,Patio Lawn & Garden
32,https://www.amazon.com/Best-Sellers-Pet-Supplies/zgbs/pet-supplies,Pet Supplies
33,https://www.amazon.com/Best-Sellers-Prime-Pantry/zgbs/pantry,Prime Pantry
34,https://www.amazon.com/best-sellers-shoes/zgbs/shoes,Shoes
35,https://www.amazon.com/best-sellers-software/zgbs/software,Software
36,https://www.amazon.com/Best-Sellers-Sports-Outdoors/zgbs/sporting-goods,Sports & Outdoors
37,https://www.amazon.com/Best-Sellers-Sports-Collectibles/zgbs/sports-collectibles,Sports Collectibles
38,https://www.amazon.com/Best-Sellers-Toys-Games/zgbs/toys-and-games,Toys & Games
39,https://www.amazon.com/best-sellers-video-games/zgbs/videogames,Video Games
40,https://www.amazon.com/Best-Sellers-Watches/zgbs/watches,Watches